Denim Jacket For Men - Blue [#Jacket], Rs 1700 Rs 2700 
Orange Fur Jacket For Men, Rs 1649 
Fur Jacket For Winter - Red, Rs 1999 
Fur Jacket For Winter - Orange, Rs 1999 
Black Leather Jacket For Men, Rs 2050 
Blue Bompar Men's Jacket, Rs 1900 
Black Bompar Men's Jacket, Rs 1900 
Korean Black Half Jacket, Rs 1485 
Black Jacket for Men, Rs 1750 
Blue Wash Denim Jacket, Rs 2350 
Grey Denim Jacket For Gents, Rs 1555 
Denim Jacket For Men - Blue, Rs 1850 Rs 2200 
Denim Jacket For Men - Blue, Rs 1700 Rs 2200 
Denim Jacket For Men - Blue, Rs 1700 Rs 2200 
Wash Blue Denim Jacket For Men, Rs 2250 
Denim Jacket For Men - Blue, Rs 2500 
Orange Doted Korean Jacket For Men, Rs 2325 
Denim Jacket For Men - Wash Blue, Rs 1700 Rs 2200 
Denim Jacket For Men - Dark Blue, Rs 2150 
Denim Jacket For Men - Dark Grey, Rs 2350 
Half Jacket For Men - Navy Blue, Rs 1700 
Black Thin Bompar Men's Jacket (Spider), Rs 1900 
Rough Denim Men's Dark Blue Jacket, Rs 2499 
Numerouno Ladies Red Jacket, Rs 3439 Rs 4330 
Numerouno Purple Zip Jacket, Rs 2149 Rs 2890 
Black Biker Jacket, Rs 2250 
Light Blue Denim Jacket, Rs 1600 
Men's Classic Blue Jeans Jacket, Rs 1900 
Blue Half Sleeve Jacket For Men, Rs 1190 
Base Camp Sleeveless Goretex Jacket (Neon Green), Rs 750 
Black Bomber Jacket, Rs 2200 Rs 2800 
Grey Down Shoulder Jacket, Rs 950 Rs 1250 
Half Sleeve Jacket For Men, Rs 1190 
Flag Patched Denim Jacket, Rs 1830 Rs 2550 
Grey Distressed Denim Jacket, Rs 2065 Rs 2650 
Men's Black Denim Jacket For Men, Rs 1755 
Beige Distressed Denim Jacket For Women, Rs 1715 Rs 2350 
Blue Flag Patched Denim Jacket, Rs 1830 Rs 2550 
Blue 'Stay Real' Patched Denim Jacket For Women, Rs 1830 Rs 2550 
Mint Floral Print Summer Jacket For Women, Rs 1830 Rs 2000 
