product_name , price , link
Beevo Bv-em410 Metal Stereo Earp
                                              ...,रू,https://www.sastodeal.com/product/beevo-bv-em410-metal-stereo-earphones
Remax Stereo Earphones Rm 303,रू,https://www.sastodeal.com/product/remax-stereo-earphones-rm-303
Stereo Earphones 3.5mm In-ear Me
                                              ...,रू,https://www.sastodeal.com/product/stereo-earphones-35mm-in-ear-metal-earbuds
Remax Neckband Bluetooth Earphon
                                              ...,रू 3672/- ,https://www.sastodeal.com/product/remax-neckband-bluetooth-earphones-rb-s6
Joyroom Earphone,रू,https://www.sastodeal.com/product/joyroom-earphone
Batman Earphone,रू,https://www.sastodeal.com/product/batman-earphone
Spiderman Earphone,रू,https://www.sastodeal.com/product/spiderman-earphone
Mickey Mouse Earphone,रू,https://www.sastodeal.com/product/mickey-mouse-earphone
Rofani Earphone Rb 556,रू,https://www.sastodeal.com/product/rofani-earphone-rb-556
Rofani V1 Earphone,रू,https://www.sastodeal.com/product/rofani-v1-earphone
Remax Earphone Rm 501,रू,https://www.sastodeal.com/product/remax-earphone-rm-501
Ximiso Blue Earphone 16000478,रू,https://www.sastodeal.com/product/ximiso-blue-earphone-16000478
Hello Kitty Earphone,रू,https://www.sastodeal.com/product/hello-kitty-earphone
Modocee R2 Earphone,रू,https://www.sastodeal.com/product/modocee-r2-earphone
Avantree Earphone (003),रू 1200/- ,https://www.sastodeal.com/product/avantree-earphone-003
Ximiso White Earphone 16000476,रू,https://www.sastodeal.com/product/ximiso-white-earphone-16000476
Ximiso Pink Earphone 16000477,रू,https://www.sastodeal.com/product/ximiso-pink-earphone-16000477
Mi Piston Earphone,रू,https://www.sastodeal.com/product/mi-piston-earphone
Misoo Stereo Earphone,रू 1200/- ,https://www.sastodeal.com/product/misoo-stereo-earphone
Rofani V2 Earphone,रू,https://www.sastodeal.com/product/rofani-v2-earphone
Modocee R1 Earphone,रू,https://www.sastodeal.com/product/modocee-r1-earphone
Remax Earphone Rm 535,रू,https://www.sastodeal.com/product/remax-earphone-rm-535
Ximiso Black Earphone 16000597,रू,https://www.sastodeal.com/product/ximiso-black-earphone-16000597
Rofani V6 Earphone,रू,https://www.sastodeal.com/product/rofani-v6-earphone
Modocee R8 Earphone,रू,https://www.sastodeal.com/product/modocee-r8-earphone
Remax Earphone Rm 702,रू,https://www.sastodeal.com/product/remax-earphone-rm-702
Remax Earphone Rm 502,रू,https://www.sastodeal.com/product/remax-earphone-rm-502
Ximiso Blue Earphone 16000596,रू,https://www.sastodeal.com/product/ximiso-blue-earphone-16000596
Ximiso Plum Earphone 16000595,रू,https://www.sastodeal.com/product/ximiso-plum-earphone-16000595
Beevo Bv –em420 Earphone,रू,https://www.sastodeal.com/product/beevo-bv-ndashem420-earphone
Rofani Earphone Rb557,रू,https://www.sastodeal.com/product/rofani-earphone-rb557
Rofani Earphone Rb 1553,रू,https://www.sastodeal.com/product/rofani-earphone-rb-1553
Remax Earphone Rm 305,रू,https://www.sastodeal.com/product/remax-earphone-rm-305
Xlk Avant-garde Design Earphone,रू,https://www.sastodeal.com/product/xlk-avant-garde-design-earphone
Remax Sports Earphone S1 Pro,रू 1500/- ,https://www.sastodeal.com/product/remax-sports-earphone-s1-pro
Cannice E1 Sport Wireless Earpho
                                              ...,रू,https://www.sastodeal.com/product/cannice-e1-sport-wireless-earphone
Sound Bass Wireless Bluetooth Ea
                                              ...,रू,https://www.sastodeal.com/product/sound-bass-wireless-bluetooth-earphone
Ipipoo Il92bl Bluetooth 4.2 Earp
                                              ...,रू,https://www.sastodeal.com/product/ipipoo-il92bl-bluetooth-42-earphone
Remax Bluetooth Earphone Magnet 
                                              ...,रू,https://www.sastodeal.com/product/remax-bluetooth-earphone-magnet-s2
Beeckow Metal Bass Deep Sound Mu
                                              ...,रू,https://www.sastodeal.com/product/beeckow-metal-bass-deep-sound-music-earphone
Cannice Y2 Sport Wireless Neckba
                                              ...,रू,https://www.sastodeal.com/product/cannice-y2-sport-wireless-neckband-earphone
Ralph Lauren Red 2 With Earphone
                                              ...,रू,https://www.sastodeal.com/product/ralph-lauren-red-2-with-earphone-edt-125ml
Uiisii Metal Hi-fi Earphone Gt50
                                              ...,रू,https://www.sastodeal.com/product/uiisii-metal-hi-fi-earphone-gt500
Colors F-006 Power Bar Phone,रू 1515/- ,https://www.sastodeal.com/product/colors-f-006-power-bar-phone
Colors Cg-750 (gsm + Cdma),रू 3140/- ,https://www.sastodeal.com/product/colors-cg-750-gsm-cdma
